document	1. climate change	1.1. fast climate onset	1.2. slow climate onset	2. climate change and human wild life conflict	2.1. human-wildlife conflict and fast climate onset	2.2.1. human-wildlife conflict and fast climate onset in articles that mention ipcc	2.2. human-wildlife conflict and slow climate onset	3. resource competition and human-wild life conflict
examplefile	71.42857142857143	28.57142857142857	42.857142857142854	28.57142857142857	14.285714285714285	14.285714285714285	14.285714285714285	14.285714285714285
wiki2023_United_Nations_Climate_Change_Conference	17.77777777777778	0.8888888888888888	16.88888888888889	0.0	0.0	0.0	0.0	0.0
wikiAnthropocene	20.408163265306122	0.40816326530612246	20.0	0.40816326530612246	0.0	0.0	0.40816326530612246	0.0
wikiClimate_change	45.583038869257955	4.946996466431095	40.63604240282685	0.0	0.0	0.0	0.0	0.0
wikiClimate_justice	41.14583333333333	3.125	38.02083333333333	0.0	0.0	0.0	0.0	0.0
wikiClimate_security	47.82608695652174	1.3043478260869565	46.52173913043478	0.0	0.0	0.0	0.0	0.0
wikiHuman-wildlife_conflict	1.6666666666666667	0.0	1.6666666666666667	0.0	0.0	0.0	0.0	2.5
