document	1.1. fast climate onset	1.2. slow climate onset	2.1. human-wildlife conflict and fast climate onset	2.2. human-wildlife conflict and slow climate onset	3.1. human-wildlife conflict and natural resource competition	4.1. wild life conflict in articles that mention ipcc	1. climate change	2. climate change and human wild life conflict	3. resource competition and human-wild life conflict	4. wild life conflict in articles that mention ipcc
examplefile	12.5	37.5	0.0	12.5	12.5	25.0	50.0	0.0	12.5	25.0
wiki2023_United_Nations_Climate_Change_Conference	0.8583690987124464	16.738197424892704	0.0	0.0	0.0	0.0	17.59656652360515	0.0	0.0	0.0
wikiAnthropocene	0.40816326530612246	20.0	0.0	0.0	0.0	0.0	20.408163265306122	0.0	0.0	0.0
wikiClimate_change	4.577464788732395	40.66901408450704	0.0	0.0	0.0	0.0	45.24647887323944	0.0	0.0	0.0
wikiClimate_justice	3.0927835051546393	37.628865979381445	0.0	0.0	0.0	0.0	40.72164948453608	0.0	0.0	0.0
wikiClimate_security	1.2987012987012987	46.320346320346324	0.0	0.0	0.0	0.0	47.61904761904761	0.0	0.0	0.0
wikiHuman-wildlife_conflict	0.0	1.6666666666666667	0.0	0.0	1.6666666666666667	0.0	1.6666666666666667	0.0	1.6666666666666667	0.0
